,岗位,地址,薪酬,要求
0,Python 后端工程师,广州·番禺区·新造,7-12K·13薪,1-3年
1,Python 全栈开发,广州·海珠区·赤岗,10-15K,3-5年
2,python 开发工程师,广州·黄埔区·大沙,12-20K,经验不限
3,Python WEB工程师,广州·海珠区·昌岗,4-8K,经验不限
4,Python  开发工程师,广州·越秀区·中华广场,10-15K,3-5年
5,Python 开发工程师,广州·增城区·朱村,10-15K,3-5年
6,Python API开发工程师,广州·番禺区·大石,10-15K,1-3年
7,Python Engineer（外资+远程+年终奖）,广州·天河区·石牌,15-30K,3-5年
8,python 后端开发工程师,广州·番禺区·南浦,7-12K,1-3年
9,Python 后端工程师（远程或者兼职）,广州·天河区·车陂,13-26K,5-10年
10,华为2012 python 软件工程师,广州,18-35K·14薪,经验不限
11,Python 后端开发工程师,广州·天河区·棠下,15-25K·15薪,1-3年
12,Python,广州·番禺区·大学城,7-12K,1-3年
13,Python,广州·越秀区·五羊新城,7-12K,3-5年
14,Python,广州·天河区·体育中心,6-7K,1-3年
15,Python,广州,10-15K,5-10年
16,Python,广州·天河区·棠下,3-6K,1-3年
17,Python,广州·花都区·狮岭,15-16K,经验不限
18,Python,广州·天河区·天河公园,12-14K·13薪,3-5年
19,Python,广州·黄埔区·科学城,20-25K,3-5年
20,Python,广州·海珠区·琶洲,30-60K,1-3年
21,Python,广州·天河区·黄村,8-15K,3-5年
22,python,广州·黄埔区·中心城,5-6K,经验不限
23,Python,广州·天河区·龙口,10-13K·13薪,1-3年
24,Python,广州·天河区·天河北,8-12K,1-3年
25,Python,广州·荔湾区·西关,10-12K,1-3年
26,python,广州·黄埔区·高唐,10-15K·13薪,1年以内
27,Python,广州·白云区·新市,12-13K,3-5年
28,Python,广州·海珠区·赤岗,4-9K·13薪,经验不限
29,Python,广州·黄埔区·大沙,15-16K,1-3年
30,Python,广州·天河区·车陂,6-10K,1-3年
31,Python,广州·天河区·员村,6-11K,1-3年
32,Python,广州·越秀区·环市东,15-30K·14薪,经验不限
33,Python,广州·黄埔区·东圃,4-6K,1年以内
34,Python,广州·天河区·元岗,10-15K,1-3年
35,Python,广州·番禺区·南村,8-12K,1-3年
36,python算法,广州·海珠区·江南大道,20-35K,3-5年
37,python开发,广州·天河区·龙洞,10-13K,3-5年
38,python讲师,广州·天河区·龙洞,7500-8000元/月,经验不限
39,Python兼职,广州·天河区·棠下,2-3K,经验不限
40,Python,广州·越秀区·环市东,15-30K,经验不限
41,Python,广州·天河区·长兴,15-24K,3-5年
42,python开发,广州·番禺区·洛溪,4-6K,1-3年
43,程序员（python）,广州·天河区·五山,7-12K,经验不限
44,python后端,广州·天河区·棠下,8-9K·13薪,3-5年
45,python开发,广州·白云区·白云大道北,11-22K,3-5年
46,python工程师,广州·天河区·沙河,7-12K,3-5年
47,Python工程师,广州·黄埔区·科学城,6-11K,1-3年
48,python实习生,广州·黄埔区·科学城,100-120元/天,后端
49,Python网页后端,广州·天河区·珠江新城,6-10K,Python
50,python兼职,广州·增城区·永和,2-7K,python
51,python爬虫,广州·海珠区·琶洲,14-15K,Python
52,python工程师,广州·天河区·天河客运站,10-15K,Python
53,python工程师,广州·天河区·小新塘,12-20K,Python
54,Python工程师,广州·天河区·珠江新城,6-9K,Pandas
55,python后端开发,广州·天河区·棠下,12-22K·15薪,后端
56,Python工程师,广州·海珠区·琶洲,11-16K,分布式技术
57,Python工程师,广州,18-27K,有前端经验/技能
58,Python程序员,广州,6-12K,Python
59,Python工程师,广州·番禺区·南浦,15-25K,Python
