Rank,Name,Lex,Con,List
1 ,逼我重生是吧,幼儿园一把手|都市·都市生活|连载, 年少有为的程逐在网上看到了一个问题：“如果给你一个回到过去重生的机会，你想要吗？”作为圈子里公认的逼气最重的人，程逐看着评论区里几千条的想要重生，直接装起来了，回了句“不想”，并配上了银行卡里那亮眼的余额截图。然而下一刻......他重生了！……本书又名《好女孩别辜负，坏女孩别浪费》、《谁说我只想搞钱，成年人不做选择》、《浪子把头都浪掉了，怎么个回法》、《叫你心中无女人，没叫你身边没女人》等。 ,最新更新 第五百一十章 背后的男人是谁？·2024-05-15 23:56
2 ,高武纪元,烽仙|玄幻·高武世界|连载, 从南洋深海中飞起的黑龙，掀起灭世海啸……火焰魔灵毁灭一座座钢筋水泥城市，于核爆中心安然离去……域外神明试图统治整片星海……这是人类科技高度发达的未来世界。也是掀起生命进化狂潮的高武纪元。即将高考的武道学生李源，心怀能观想星海的奇异神宫，在这个世界艰难前行。多年以后。“我现在的飞行速度是122682米/每秒，力量爆发是……”李源在距蓝星表层约180公里的大气层中极速飞行，冰冷眸子盯着昏暗虚空尽头那条形似神话传说中神龙的庞然大物：“你，应该是所有入侵半神生命体中最强的一个了。”“只可惜，现在的我，可以称之为……武神！”————已完成高订11万作品《渊天尊》，高订3万作品《洪主》，精品《寒天帝》，人品保证，放心入坑。 ,最新更新 第221章 七星脉的传说（求月票）·2024-05-16 14:26
3 ,宿命之环,爱潜水的乌贼|玄幻·异世大陆|连载, 诡秘世界第二部。1368之年，七月之末，深红将从天而降。 ,最新更新 第四十章 狡诈·2024-05-16 12:30
4 ,天才俱乐部,城城与蝉|科幻·时空穿梭|连载, “从出生开始，我每天都会做一个同样的梦，梦里不断重复着同样的一天。”“你在梦里都做了什么？”“抢银行、炸大楼、泡妹子、侠盗飞车……反正是梦里，自然做了很多无法无天的事。”“说说你昨晚做了什么吧。”“昨天就比较有意思了。我做梦这么久，还是第一次梦见现实中认识的人。那是一个很漂亮的女孩……”“嗯嗯。”警察蜀黍一边记笔录一边点点头：“你继续说，我在听。” ,最新更新 第46章 未来相见（月票加更！）·2024-05-15 23:04
5 ,文豪1978,坐望敬亭|都市·都市生活|连载, 社畜林朝阳为了工作忙的连相亲都没时间，穿越后娶了知青点最美的女知青陶玉书。以为是抱上了美娇娘，结果对方考上大学后便断了联系。家里人为此饱受闲言碎语的困扰，林朝阳却满不在乎，改革开放的浪潮正滚滚而来，只争朝夕，时不我待，他哪有空为了一个女知青浪费时间？他本打算利用先奋斗几年赚上几个小目标，然后迅速躺平，从此当一条咸鱼，弥补自己上辈子兢兢业业赚钱却未曾享受过一天自在生活的遗憾。可还没等他实施计划，消失了半年、音讯全无的女知青却突然出现在生产队。“朝阳，跟我去燕京吧！”女知青如是说。创业未半，先吃软饭。可他一个初中学历，进城能干什么呢？老丈人说：先进燕大当个图书管理员吧。林朝阳本以为从此过上了男同志们梦寐以求的生活，可谁能想到，原本柔情似水、知书达理的女知青竟然是个隐藏的卷王。她自己卷也就算了，还要拉着林朝阳一起卷。为了家庭的和睦，林朝阳只能把自己包装成了文化人。2万均订老书《1980我的文艺时代》已完结，量大管饱。 ,最新更新 第201章 惊心动魄的一幕·2024-05-16 09:02
6 ,乱世书,姬叉|玄幻·东方玄幻|连载, 仗剑江湖载酒行，楚腰纤细掌中轻。少年肩扛长刀，腰间挂酒，大步前行，心中的江湖却隐约难见。乱世书中翻一页，江湖夜雨数十年。蓦然回首，已劈碎了人间。 ,最新更新 第八百七十六章 风起·2024-05-15 23:36
7 ,终极火力,如水意|都市·都市生活|连载, 这个世界不只是普通人熟知的模样，还有个常人不会接触的地下世界。政府特工在暗中处理麻烦，财阀雇养的杀手在私下解决问题。有杀手，佣兵，军火商，还有特工，有把这个世界串联起来的暗网，也有试图用金钱控制一切的财阀。高毅闯进了地下世界，近战无敌的他打出了自己的领域。但是这个世界有枪。七步之外，枪快。七步之内，枪又准又快。三步之内才是高毅的拳快。打不过就加入，高毅选择全都要。全都要，成为佣兵圈里的杀手之王，杀手眼中的特工之王，特工眼中的杀手之王，成为军火商眼中的情报之王。直到在整个地下世界加冕为王，高毅，就是终极火力。 ,最新更新 第83章 双响·2024-05-16 12:02
8 ,净土边缘,海棠灯|科幻·进化变异|连载, 《地球编年史》记载：2534年12月，罹患绝症的鹿不二私自染指禁忌力量，通过研究异鬼的生命结构，利用自身的病症创造出吞噬异鬼的能力，这种行为舍弃了生而为人的尊严，人人得而诛之！2535年8月，世界的悲剧，恶魔加冕称王。2536年5月，悲报，叛逆君王鹿不二正在向天主之城迫近！2537年7月，恭迎伟大的第四代神圣君主抵达他忠诚的天主之城！【非废土末世文】 ,最新更新 第277章 五百年前的高速路·2024-05-15 12:31
9 ,仙子，请听我解释,弥天大厦|仙侠·幻想修仙|连载, 大炎皇朝国祚一千三百余年。皇帝病危，太子监国，地方仙门盘踞，中央权相乱朝。一觉醒来，许元看到了深山的雨夜破庙，看到了诡异的断臂石佛，以及，那位篝火旁面掩薄纱的黑衣女子。......他成了最终BOSS第三子，身世清白、根正苗红的反派嫡系。虚假的反派锦衣玉食坐等被打脸，真实的反派一上来就被个大冰坨子拎着满世界逃。金手指?虚假的反派才靠金手指发家致富，真正的反派敢于直面惨淡的人生！“天不生我许长天，反派万古如长夜。”“........”“爹，救我！” ,最新更新 六百零六章 全都要·2024-05-15 21:37
10 ,赤心巡天,情何以甚|仙侠·古典仙侠|连载, （《赤心巡天》实体书已在全网发售。）上古时代，妖族绝迹。近古时代，龙族消失。神道大昌的时代已经如烟，飞剑绝巅的时代终究沉沦……这个世界发生了什么？那埋葬于时间长河里的历史真相，谁来聆听？山河千里写伏尸，乾坤百年描饿虎。天地至公如无情，我有赤心一颗、以巡天！——————欢迎来到，情何以甚的仙侠世界。 ,最新更新 蜉蝣求道——第十三卷总结与感言·2024-05-13 11:28
11 ,都重生了谁谈恋爱啊,错哪儿了|都市·都市生活|连载, 奋斗到三十八岁买不起房，要结婚得先付三十万彩礼，省吃俭用大半生，卷到肝都碎了，可是钱呢？钱到底被谁赚走了？怀带着无数怨气的江勤重生十八岁，睁开眼的唯一念头就是创业搞钱。第一步，先把送出去的情书抢回来，翻个面，在校花惊愕的眼神中写下三行字：现在打工是不可能打工的！只想财富自由，永不为奴！至于恋爱？那玩意儿狗都不谈！ ,最新更新 第728章 那是我曾逝去的青春·2024-05-16 11:38
12 ,谁让他修仙的！,最白的乌鸦|仙侠·古典仙侠|连载, “我反复强调，修仙界的风气本来就是歪的，不是我带歪的，都说史书是胜利者书写的，那为什么我获胜了还总是有人诬陷我？”陆阳剑仙面对记者采访如此说道，表示非常愤怒。第二天。“我反复强调，修仙界的风气是我带歪的，史书是胜利者书写的，我获胜了！”陆阳剑仙面对记者的采访时如此说道，表示非常愤怒。——《修仙日报》为您报道。 ,最新更新 第八百四十章 跳的不行·2024-05-15 23:52
13 ,玄鉴仙族,季越人|仙侠·修真文明|连载, 陆江仙熬夜猝死，残魂却附在了一面满是裂痕的青灰色铜镜上，飘落到了浩瀚无垠的修仙世界。凶险难测的大黎山，眉尺河旁小小的村落，一个小家族拾到了这枚镜子，于是传仙道授仙法，开启波澜壮阔的新时代。(家族修仙，不圣母，种田，无系统，群像文) ,最新更新 第七百九十一章 大神通·2024-05-15 21:28
14 ,道爷要飞升,裴屠狗|玄幻·东方玄幻|连载, “弟子黎渊，拜求苍天授箓！”…………已有完本作品《诸界第一因》、《诸天投影》《大道纪》 ,最新更新 第9章 天崩地裂·2024-05-15 23:43
15 ,黄昏分界,黑山老鬼|科幻·进化变异|连载, 黄昏为界，阴阳二分。当邪神的血肉从大地的裂隙里拥挤了出来，当山脉一样的血肉出现在了各个地方。有人恐惧，有人膜拜，有人烧香上供。也有人尝了尝，咦，味道不错？于是，血肉变成了庄稼，人们贪婪的收割，争夺，走鬼问灵拜祖宗。胡麻自恐惧之中转生而来，食太岁，养火炉，历尽艰辛，与遍地的邪祟争命求活，然后…………什么？我才是邪祟？ ,最新更新 第五百二十二章 不食牛令·2024-05-16 11:30
16 ,重回1982小渔村,米饭的米|都市·都市生活|连载, 【这是一个海边人上山下海的日常小说！没有装逼打脸，只有上山下海的悠闲！年代文，日常，赶海，种田，养娃，家长里短，不喜勿入，勿喷！】叶耀东只是睡不着觉，想着去甲板上吹吹风，尿个尿，没想到掉海里回到了1982年。还是那个熟悉的小渔村，只是他已经不是年轻时候的他了。混账了半辈子，这回他想好好来过的，只是怎么一个个都不相信呢……上辈子没出息，这辈子他也没什么大理想大志向，只想挽回遗憾，跟老婆好好过日子，一家子平安喜乐就好。【说明一下，改笔名了，原来是叫“一杯冰柠檬水”，现在改为“米饭的米”】 ,最新更新 第1109章 平安无事（盟主零六零七零四加更二）·2024-05-16 00:45
17 ,深海余烬,远瞳|科幻·未来世界|完本, 在那一天，浓雾封锁了一切。在那一天，他成为了一艘幽灵船的船长。在那一天，他跨过浓雾，直面了一个被彻底颠覆而又支离破碎的世界——昔日的秩序已经荡然无存，奇诡的异象主宰着文明社会之外的无尽海域，孤岛城邦与挑战大海的船队已然成为文明世界仅存的灯火，而旧日的阴影却仍在幽邃深海中蠢蠢欲动，等待继续吞噬这个将亡未亡的世界。但对于失乡号的新船长而言，只有一个问题是他首先要考虑的——谁知道船咋开啊？！ ,最新更新 完本感言·2024-05-02 11:15
18 ,请天下赴死,阎ZK|玄幻·东方玄幻|连载, 天下已纷乱三百余年。中原歌舞不绝，异族厉兵秣马，江湖剑仙纵横，名将镇压十方。距离天下大乱还有五年，年少的药师李观一雨夜杀人。终于睁开眼睛，看到这人间乱世。马蹄之下累累白骨，名将，美人，江湖，神兵，百姓，法相。古来唯见白骨黄沙田！儒生，铁蹄踏碎；佛陀，长枪扫平！贫道李观一，请这座天下赴死！ ,最新更新 第81章 龙虎功体·2024-05-16 15:23
19 ,炮火弧线,康斯坦丁伯爵|历史·架空历史|连载, 王忠来到了异世界，卷入了这个世界的世界大战。他得到的外挂是个即时战略一样的俯瞰视角，还能看到麾下部队的视野！于是他果断开始微操：“机枪阵地左移五厘米！反坦克炮放在右边的树林里！”就这样三年过去了，王忠看看手里的元帅权杖，再看看皇帝钦差背后的双头鹰旗。“在我的故乡有句老话，‘王侯将相宁有种乎’，钦差大人，你可知道啊？” ,最新更新 第8章 空袭·2024-05-16 15:09
20 ,不是吧君子也防,阳小戎|轻小说·原生幻想|连载, 第一年，大乾公主初遇‘君子’，那人正气凛然主持公道，她冷笑：“伪君子。”第二年，皇嗣之争，一步之差满盘皆输，闭目求死，那人唯一出列，身家性命护其回京，她轻嗤：“还算君子。”第五年，政变登基，女帝临朝，赐那人高官厚禄贵女美人，皆拒，她微微皱眉：“的确君子。”第十年，清晨醒来，浑身酸疼，她咬牙大骂枕边的人：“枉为君子！”…………“三样东西可以让帝国重新伟大：剑，微臣和儒释道。”他对女帝如是说。—————【本文男频！非女频】【轻松幽默、庙堂江湖、慢热细腻、多感情线】【已写出一本二百四十万字、高订四万余的大精品仙侠文《我有一个剑仙娘子》，量大管饱，口碑保证，书荒的好兄弟们可以去康康~点进作者主页即可阅读！】 ,最新更新 二百五十三、女君鱼念渊，浔阳咏菊会（求月票！）·2024-05-15 23:59
21 ,周朝侯爵家族史书实录,花非花月夜|历史·架空历史|连载, 姬昭一朝穿越，却发现自己身处三千年前的周王朝，他的兄长武王姬发刚刚推翻商朝的统治，重病垂死，他被册封为侯爵，辅佐幼主，望着年仅八岁的天子以及八百姬姜诸侯，姬昭意气风发，筚路蓝缕，以启山林，让我来开启伟大诸夏的新时代吧！——“三千年前，生前他们叫我假天子，代行天子事，死后他们叫我素王，说我是有王的德行却不居于王位的圣人。两千五百年前，他们说我是昊天的侍者。两千年前，他们说我就是昊天，昊天就是我。一千五百年前，苍天和素王上皇天不分轩轾。而现在，昊天湮灭，苍天不存，世人皆颂至高至圣、至尊至贵，素王上皇天。你要问我有什么想法，我只能说，这都是我子孙后代的功劳，捧老祖宗，他们是认真的。”“据说在家族传承过程中，您给予了他们很大的帮助？”“只有一点小小的帮助。”祖宗保佑：使家族成员在幼年时期不会夭折，且天赋有最低保底。神器桃花源：在遇难时可以逃入异空间短暂避难神器五雷轰顶：召唤一道雷霆，专杀奸臣昏君（已劈死司马懿）神器……“一点点帮助。” ,最新更新 生病休息·2024-05-15 22:25
22 ,这个影帝只想考证,江公子阿宝|都市·娱乐明星|连载, 觉醒吸属性系统，化身娱乐圈吸属性狂魔，一定概率从别人身上吸取属性。但是吸来的属性必须存放在对应的证书里，郝运不得不踏上疯狂的考证之路。不是在考证，就是在考证的路上！记者：听说你获取了一百多个证，是娱乐圈证书最多的明星。影帝：没有没有，才九十多张。记者：那你觉得这些证书里头含金量最高的是哪个。影帝：我找一下啊……咦，不好意思，拿错了。记者：雾草，精神病证书！？ ,最新更新 第0808章 多产如母猪（求月票）·2024-05-15 23:19
23 ,不许没收我的人籍,可怜的夕夕|轻小说·原生幻想|连载, “她本来就是恶魔，怎么可能是遇到我这个人类之后才被带坏的？那些批评家总在说一些很荒唐的东西。”1798年，枢机主教兰奇在接受记者采访时，被问起与那位流亡的魔族末裔公主的过往，以及近期魔族复苏的迹象，他表示：“我为捍卫世界和平做出了太多努力，我很确信，魔族在她的带领下绝无复国可能。”……1802年冬天，魔族复国成功。【请根据以上材料，指出导致魔族复国的主要战犯是谁，并说明为什么是兰奇。（10分）】——选自《帝国历史统考经典考题集》 ,最新更新 第七百二十一章 兰奇的帝国成名之路·2024-05-15 21:10
24 ,万界守门人,烟火成城|科幻·星际文明|连载, 星球死亡，众神陨落。法界崩溃之后，人类失去了所有的庇护者。现在。“异常”与“灾祸”开始入侵人类世界。黑暗时代来临之际，一个来自蓝星的灵魂穿越而至。 ,最新更新 第三百一十六章 倒吊人的箴言·2024-05-16 07:11
25 ,都重生了谁考公务员啊,柳岸花又明|都市·都市生活|连载, 省直公务员陈着意外重生自己高三的那一年。于是，一个木讷腼腆、和女生说话都会脸红、只知道学习的高中生；突然变得通晓人情世故，说话做事总是恰到好处，不仅改变了人生轨迹，也越来越吸引女孩子的关注。女生：陈着你有什么优点？陈着：人老实，话不多。发小：我觉得骗人是不对的，你现在一点都不老实。陈着：没骗！人老，实话不多。（首先声明，绝对不是作者真实经历） ,最新更新 第149章、闻香识女人·2024-05-16 13:49
26 ,晋末长剑,孤独麦客|历史·两晋隋唐|连载, 正如唐代诗人徐夤在《两晋》诗中所写的那般：“三世深谋启帝基，可怜孀妇与孤儿。罪归成济皇天恨，戈犯明君万古悲。”西晋得国不正，犯了太多错误，继承了东汉、三国以来的种种弊端。到了晋末，已经积重难返，亟待重新构建帝国的价值观及统治体系。但是“谁知高鼻能知数，竞向中原簸战旗”，历史没有给他们这个机会。自作孽，不可活。穿越者来到逐渐崩溃的西晋末年，他所能做的是——先活下来。 ,最新更新 第一百七十四章 我徂安阳·2024-05-16 15:23
27 ,速通修仙！,平层|轻小说·原生幻想|连载, “长生，你得罪的是宗主的儿子，你一定要忍……你已经把他给杀了？”“长生，你这次任务的对象是天下第一大魔头的情人，我们徐徐图……你已经杀完了？”“长生，这家伙万年布局，后手无数，只差一步就能天下无敌，你务必要小心……你怎么又把他给杀了？”“长生，你飞升后不能和在下界一样肆无忌惮，一定要低调做人，漫天神佛我们得罪不起……你才飞升了一天，怎么就诸神黄昏了？”……半月飞升，半年成圣。速通修仙，快乐无边！ ,最新更新 第549章 大罗降价，母子夜话【20400月票加更】·2024-05-16 11:29
28 ,仙工开物,蛊真人|仙侠·修真文明|连载, 火山中，先贤大能遗留的机关仙宫，渴望着后继者。母亲舍命争取，获得仙宫宝印，临终托付宁拙。我佛心魔印！渡己为佛，渡人成魔。掌印者，轻刻心印，驭机关若羽。众人御之，神疲意重；宁拙则以一纵万，轻盈若舞。宁拙：“娘，孩儿一定不负您的嘱托，取得那仙宫！”正是：仙偶通灵秘，工巧合至理。开宇出新境，物华与天齐。古钟传法度，月下舞清辉。真身具万象，人间谁与敌！ ,最新更新 第54章：魔染·05-16 07:51
29 ,从水猴子开始成神,甲壳蚁|玄幻·东方玄幻|连载, 【已有完结六千均大精品，品质保障，放心阅读。】选择大于努力！武师们为陆地宝树打的头破血流，深水神草却无人问津。穿越成渔民的梁渠得水泽之鼎，炼化水猴子天赋，统御水兽，一路收割，踏上巅峰。【水猴子】→【泽狨】→【水王猿】→【淮涡水君】！从此万里泽涛由我做主！…………岸上，人们跪拜祈福，献上祭品。“求水神大人保佑......”靠，能不能别向我祭祀少女了，我真不是水神啊！ ,最新更新 第五百一十一章 满载而归·2024-05-16 02:33
30 ,我的爷爷朱元璋,西湖遇雨|历史·两宋元明|连载, 【哭坟后，朱元璋求我继承大明江山】高三学生朱雄英有个秘密，他小时候生活在古代！原本他会带着这个秘密度过普通人的一生，直到上大学前他给监护人爷爷哭坟的时候，坟头传来了一个激动的声音。“——大孙，你没死啊？”朱雄英：“你说你是我爷爷？我还秦始皇呢，打钱！”朱元璋：“要打钱？烧宝钞过去！要多少给多少！”当朱雄英看着宝钞被古董商收购的时候，他终于意识到，坟头的时空虫洞可以扭曲物体的时间属性！那么是不是意味着......“老板，给我来一箱98岁的98k！不够岁数别糊弄我！”“你这还有老物件博物馆里的复刻蒸汽机？来两台！”随着先进的“地下科技产物”和神秘的“未来天机信息”通过时空虫洞交易到了朱元璋手中，数年后，看着已经发生了翻天覆地变化的大明，朱元璋陷入了沉思。“大孙，你啥时候来继承咱的万里江山啊？” ,最新更新 第229章 大受震撼的日本南朝使团·2024-05-16 09:27
31 ,国民法医,志鸟村|都市·商战职场|连载, 尸体：请问你礼貌吗？ ,最新更新 第九百七十八章 徐进·2024-05-15 10:45
32 ,普罗之主,沙拉古斯|玄幻·东方玄幻|连载, 他叫李伴峰，山峰的峰，不是发疯的疯，医生说过他没有疯。为了救朋友一条命，他去了96号站台，上了1160蒸汽列车，来到了停留在蒸汽时代的普罗州。他遇到了老唱机里的红颜知己，月份牌里的绝世佳丽，老座钟里的摇摆名姝，酒葫芦里的世外高人。这里有越吃越猛的食修，越抽越强的烟修，越杀越狠的武修，越喝越狂的酒修。这里有哪都想去的旅修，还有哪都不想去的宅修。天下百门，谁与争锋。普罗万修，谁是魁首。伴峰穿上西装，戴上礼帽，拿上鸡毛掸子，认真问了一句：告诉我，谁是普罗之主？ ,最新更新 第四百四十八章 葛俊蟆·2024-05-16 16:00
33 ,趋吉避凶，从天师府开始,八月飞鹰|玄幻·异世大陆|连载, 【穿越了，还入了道家圣地天师府修行。】雷俊：“这个开局不错。”【入门晚，开始修行晚，根骨平庸，修炼缓慢。】雷俊：“这有点不妙。”【趋吉避凶，签运预告未来，选择决定人生。】雷俊：“我的金手指很给力啊。”【上签：……得五品机缘一道，隐秘而动，无后顾之忧，吉。】雷俊：“这个好，还有没有别的？”【下签：……未得收获先遇大灾劫，身陷险境，死伤难料，凶。】雷俊：“很好，我选上签。”从此好处不落空，麻烦不沾身。人生开启简单模式，淡看旁人惊心动魄云起云落。 ,最新更新 正文大章已更，关于接下来的更新·2024-05-15 05:55
34 ,从斩妖除魔开始长生不死,陆月十九|玄幻·东方玄幻|连载, 消耗寿元灌注武学，可无限进行推演。沈仪凡人之躯，寿数不过百年，所幸可以通过斩杀妖魔获取对方剩余寿元。在邪祟遍地的乱世中亮出长刀，让这群活了千百年的生灵肝胆俱裂！从【鹰爪功】到【八荒裂天手】，从【伏魔拳】到【金身镇狱法相】！沈仪偶尔也会沉思，这寿命怎么越用越多了？他收刀入鞘，抬眸朝天上看去，听闻那云端之上有天穹玉府，其内坐满了千真万圣，任何一位都曾经历无尽岁月。此番踏天而来，只为向诸仙借个百万年，以证我长生不死大道。……此书又名《让你氪命练武，你氪别人的？》、《道友请留步，你的寿元与在下有缘》。 ,最新更新 第四百六十章 玄庆叫门，沈仪登位（5K）·2024-05-15 22:37
35 ,我的公公叫康熙,雁九|历史·清史民国|连载," 都说给皇帝做媳妇难，其实，给皇帝当儿媳妇也不容易,尤其是正值盛年的皇帝！带着我的冤种老公，沉浸式见证“九龙夺嫡”。（本文日常系，生活流） ",最新更新 第一千八百三十六章 礼下于人·2024-05-16 15:51
36 ,第一次魔法世界大战,流浪的蛤蟆|奇幻·剑与魔法|连载, 夏洛特·梅克伦穿越到了法尔斯帝国，只想做个异大陆的公务员，他也不是战斗人员……但谁想到，文职人员也要上战场啊！ ,最新更新 231、前线情报·2024-05-16 12:19
37 ,从婴儿开始入道,古羲|玄幻·东方玄幻|连载, 乱世求生，盛世求名。饱经风霜的大禹朝仍处于盛世年间。西北有少年徒步九千里，孤身斩大妖，争一世功名。龙湖，有不世宗师赶赴人间，开宗立派，百世留名。帝都有圣人传道万千，教徒遍布各州，流芳千古。而在青州城内，一座将门世家院落中。有个孩童却整日不务正业，只知下棋作画，垂钓弹琴。多年后——……剑起龙烟三千里，一剑斩尽九洲城！世间万法，唯我，入道也。……继《超神宠兽店》《黑暗王者》《永夜神行》《重启末世》……最新力作，欢迎品尝。【轻松幽默】【武道面板】【艺术大师】【腹黑】 ,最新更新 第23章 世间宗师，无法搬动一指！（6K，二合一章）·2024-05-16 12:07
38 ,我有一个修仙世界,纯九莲宝灯|仙侠·修真文明|连载, 陈莫白，仙门高三学子，正在努力复习准备考取大道院，本来他这辈子最大的梦想也就是筑基成功，直到他能穿越到另外一个修仙世界，然后，梦想就变了…… ,最新更新 第九百九十四章 衣钵传承·2024-05-15 23:59
39 ,天命之上,风月|轻小说·原生幻想|连载, 世界自毁灭之后重建。于危崖之上，再起万丈高楼。被称为天选者的人们活跃在现实的幕后，行走在历史的阴影中，掌握超凡脱俗的力量，领受着崇拜与敬畏。有人说他们身负天命，万中无一。可季觉对天命不感兴趣。他只想有朝一日，去看一看天命之上的风景。“……”记录者写到这里停下了笔，看向那个满手油污的汽修工：“所以，这就是你破坏国际秩序、贩卖禁忌武器、资助颠覆组织、引发两极大战、图谋暗中统治世界的理由？”“关我屁事儿！”季觉翻了个白眼：“我就是一个破修车的！” ,最新更新 第五十二章 谁才是下水道职业？·2024-05-16 17:00
40 ,他们越反对，越是说明我做对了,金属雨点|轻小说·原生幻想|连载, “教廷越是支持我，越说明我做对了。异端越是反对我，越说明我做对了。”“连异端都要赞扬，更加说明我做的对，异端一言不发，说明我做得无可挑剔！”“教廷如果反对我，说明他们都堕落成了邪恶的异端，异端越是反对我，越说明我做对了。”​681年，教廷史上最年轻的教宗安苏加冕为神圣教皇。他发表讲话，对接下来的去神明化工作做出重要指示，安苏教皇着重强调：“而现在教廷和异端都反对我，恰好说明我正走在一条无比正确的道路上！”...685年。“不是邪神召唤不起，而是选他上台更有性价比。”魔族前圣女雅歌.西维亚如此评价。此番言论一出，瞬间引发社会各界关注——大型纪录片《安苏教皇传奇》持续为您播出。——这是一个顶级邪道玩家速通奇幻世界的故事。 ,最新更新 第178章 安苏：但求同年同月同日死（二合一）·2024-05-15 23:11
41 ,神话版三国,坟土荒草|历史·秦汉三国|连载, 陈曦看着将一块数百斤巨石撇出去的士卒，无语望苍天，这真的是东汉末年？吕布单枪匹马凿穿万人部队，这怎么看都不科学。赵子龙真心龙魂附体了，一剑断山，这真的是人？典韦单人护着曹操杀出敌营，顺手宰了对面数千步骑，这战斗力爆表了吧！这是不是哪里有些不对啊，陈曦顺手摸了一把鹅毛扇挥了一下，狂风大作，叹了一口气，“这是神话吧，我自己都不正常了。”ps：其实这是一篇正经的种田文……QQ群：476971307（老群炸了，这是新的）全订验证群：949176942酱油群：397441818（快满了）二群：418928396（快满了）三群：188981452（这个之前也炸了，换新的了）五群：850567843（之前的炸了，换新的了） ,最新更新 第四千五百五十四章 暴力方案·2024-05-16 08:14
42 ,我的超能力每周刷新,一片雪饼|轻小说·恋爱日常|连载, 陈源发现自己每周都会刷新一次超能力。第一周，他看到只要有生命特征的物体上都挂着一个红色的数字，从几百、几千，到几万到不等，其中见过数字最小的是一只泰迪，头上的数字是0.00001，然后下一秒它就被大卡车碾死了。第二周，他发现自己能够听到别人的心声，且不受控制，只要是对方心里想的，都会源源不断的往他脑子里灌，导致他完全不敢再去地铁商场之类的公共场所。而且，再也不敢直视后座那位平时沉闷不说话的齐刘海眼镜女…接连的，他又刷新了【梦境相连】，【身体交换】等特别能力。在若干周后，他的超能力突然不再更新，相安无事的过了好几天，正当他以为自己终于要回归平静生活时，一位站在银杏树下身着红衣少女，对他歪起了脑袋：“你，能看见我？” ,最新更新 第541章 何洪涛决意为陈源组织一场考试·2024-05-15 23:34
43 ,光阴之外,耳根|仙侠·神话修真|连载, 天地是万物众生的客舍，光阴是古往今来的过客。死生的差异，就好像梦与醒的不同，纷纭变换，不可究诘。那么超越了生死，超脱了天地，在光阴之外，等待我们的是什么？这是耳根继《仙逆》《求魔》《我欲封天》《一念永恒》《三寸人间》后，创作的第六部长篇小说《光阴之外》 ,最新更新 第一千零一十八章 自制鱼饵·2024-05-15 20:12
44 ,天人图谱,误道者|玄幻·东方玄幻|连载, 如果人类的生命可以一直强大下去，无限拔高，那终有一日能与天相接！…………《天人图谱》书友群，群号：（535311175） ,最新更新 第三百一十章 汇聚·2024-05-16 13:56
45 ,这游戏也太真实了,晨星LL|轻小说·原生幻想|完本, 这游戏也太真实了叭！搬砖、跑腿、捡垃圾、送快递……公司最多能让你体会到996的艰辛，在这里你能体会到超级加倍的007。好了，不废话了，伟大的管理者大人喊我去搬砖了。那位大人说了，只要我们努力献上自己的肝，下个月他又能换一套全新的动力甲，到时候带我们开全新的地图，去广阔的废土捡更多的垃圾！……穿越到废土世界的楚光发现，自己解锁了避难所系统，能够从平行世界召唤名为“玩家”的生物。从那天开始，整个废土都不正经了。 ,最新更新 完本感言！！！·2024-04-02 18:30
46 ,重启神话,凤嘲凰|玄幻·异世大陆|连载, 黎明。拂晓之光迟迟未至，残阳的余晖早已褪色成黑暗。薄雾笼罩的城市中，藏于阴影的教堂、攀附在墙壁缝隙的血管、下水道里的啃食声、呢喃低语的黑影……提灯者漫步前行。 ,最新更新 第四百四十七章 信仰不是打打杀杀，信仰是人情世故·2024-05-16 00:03
47 ,唐人的餐桌,孑与2|历史·两晋隋唐|连载, 过往作品《唐砖》《大宋的智慧》《银狐》《汉乡》《明天下》《我不是野人》本本经典，欢迎阅读。天下人，天下事，都不过是我大唐人餐桌上的一道道菜肴。虽然原始的食材便具有食物原始的风情，云初还是认为，最美味的食物还是需要经过分割，烹调，处置，最后端上桌的食物才是最符合大唐人肠胃的食物。清蒸，红烧，爆炒，炖煮……天下有多少事，庖厨便有多少种烹调手段。不论是高句丽，突厥，吐蕃，吐谷浑，薛延陀，铁勒……还是长鲸，猛虎，巨鲨，饿狼，在大唐这个熔炉铁锅里都能烹调出绝世美味……再加上李治，武瞾，长孙无忌，褚遂良，李绩，程咬金等等绝世调料，不论是色香味总会有一样让你难以忘怀。云初希望这样的豪华宴会上，绝对应该有自己的一个座位！现如今，美味已经烹调完毕——云初铺好餐巾，拿起割鹿刀，双眼微闭，准备享受一顿前所未有的大餐，以满足自己饥渴的肠胃。 ,最新更新 第一八五章好奇心会害死猫·2024-05-13 17:45
48 ,这次不当训练家了,骑车的风|轻小说·衍生同人|连载, 直树穿越到宝可梦世界继承一家牧场，并获得了用料理给宝可梦带来神奇力量的能力。牧场里的宝可梦身上因此产生了些许奇妙的变化。能够三百六十度无死角无后摇使出[超级滚动]的大奶罐、速度如疾风迅雷所过之处皆是残影的摩托蜥、能够一锤子打飞卡比兽的双马尾超级大力士巨锻匠……——————得知讯息的野生训练家特地前来挑战修行。直树：挑战的家伙到了吗？洛托姆管家：报告洛托，他和我们家产奶的奶牛打起来了洛托。——————关键词：精灵宝可梦、种田、牧场、温馨日常、没有996、轻松、悠闲生活、爽文——————排雷：单女主，女主奇树，大后期出场，会结婚生子。 ,最新更新 第450章 坐骑山羊与坐骑小羊·2024-05-15 23:10
49 ,我的模拟长生路,愤怒的乌贼|仙侠·幻想修仙|连载, 仙道何其难!更何况这个被一场瘟疫彻底改变的修仙界！凡人身带疫病，仙人一旦接触，轻则修为下降，重则还道于天，于是仙凡永隔；仙法不可同修，整个修仙界成为了一个巨大的黑暗森林；……李凡穿越而来，虽有雄心万丈，却只能于凡尘中打滚，蹉跎一生。好在临终之时终于觉醒异宝，能够化真为假，将真实的人生转为黄粱一梦，重回刚穿越之时！于是，李凡开始了他的漫漫长生路！第二世，李凡历时五十载终权倾天下，但却遍寻世间而不见仙踪。只在人生的末尾得见仙人痕迹。第三世，李凡殚精竭虑、百般谋划，却终抵不过仙人一剑！第四世…………我，李凡，一介凡人，百世不悔，但求长生！ ,最新更新 第1366章 仙棋融合开·2024-05-15 23:59
50 ,满唐华彩,怪诞的表哥|历史·两晋隋唐|连载, 盛唐繁花似锦，惊天裂变在即。天宝五载，他睁开眼，看到了“昭昭有唐，天俾万国”的盛世雄风，名将如云，疆土广袤；能臣如雨，仓廪丰盈；诗歌璀璨，文华耀目；美色倾城，歌舞升平。他也看到了满朝如痴如醉，骄固奢靡，争权不休；江山飘摇，积弊丛生；胡儿叛乱，人如草芥。渔阳鼙鼓动地来，他偏要让此唐不失华彩。【三万均订老书《终宋》已完结，量大管饱】 ,最新更新 第474章 骗子·2024-05-16 00:20
51 ,重生在火红年代的悠闲生活,屋外风吹凉|都市·都市生活|连载, 在那个火红的年代里，在那座耳熟能详的四合院中，在那群将人性中的贪、嫉、色、食、懒、怒、傲展现的淋漓尽致的街坊邻居间，繁劳一世的李源，过起了轻快悠闲的日子…… ,最新更新 请假·2024-05-16 10:57
52 ,我是导演，我不比烂,不是老狗|都市·娱乐明星|完本, 2006年，许鑫做了一个梦，梦里，他看到了一个处处在比烂的娱乐圈。为了博出位而不顾一切，为了流量而大费周折。“既然如此，为什么不能活成一束光呢？”（高清无码无虐无狗血，人品保证，放心入坑） ,最新更新 完结感言·2024-05-10 15:31
53 ,诡秘之主,爱潜水的乌贼|玄幻·异世大陆|完本, 蒸汽与机械的浪潮中，谁能触及非凡？历史和黑暗的迷雾里，又是谁在耳语？我从诡秘中醒来，睁眼看见这个世界：枪械，大炮，巨舰，飞空艇，差分机；魔药，占卜，诅咒，倒吊人，封印物……光明依旧照耀，神秘从未远离，这是一段“愚者”的传说。 ,最新更新 12月1日《诡秘之主》新番外发布·2022-11-25 16:27
54 ,故障乌托邦,狐尾的笔|玄幻·异世大陆|连载, 改装金属义体，AI女友，脑内神经网络，赛博空间，这是一个拥有超高科技的世界，各种科技可以如同魔法般改变你的生活。虽然过去的绝症癌症在纳米医疗机器人面前不值一提，然而新的科技水平也会衍生各种各样的新问题，新麻烦，和新的…赛博精神病。“什么是资本主义啊？”孙杰克双手叉腰，身体后仰。 ,最新更新 第二百九十章 下落·2024-05-16 00:18
55 ,重生的我没有格局,鲸鱼禅师|都市·都市生活|连载, “燕子！燕子！没有你我怎么活啊——”重生高考前的张浩南冲着少女大声呼喊，一脸悲痛。“蛤？”面若死灰准备跟这个世界告别的少女一脸懵。“你爸收了我八万块，把你卖给了我，说是死了也不退！”“……”【非单女主，不喜勿入。】【本故事都是胡编乱造，如有雷同，纯属巧合。】 ,最新更新 720 随便画点饼·2024-05-16 14:28
56 ,吞噬星空2起源大陆,我吃西红柿|科幻·未来世界|连载, 罗峰带着界兽摩罗撒闯过轮回，来到了起源大陆…… ,最新更新 第45章 火界食馆的师徒·05-16 11:30
57 ,谁让他玩游戏王的！,名称被占用|轻小说·衍生同人|连载, “游玄先生，有很多人都认为，决斗界如今环境愈发阴间，重坑自闭主流盛行，都是作为新一代决斗王的您带歪的风气。对这个说法您怎么看？”有记者在采访时问道。“毁谤啊！纯熟毁谤！”游玄对这种说法表示很愤怒。“凭什么说是我带歪的？”“决斗本来就是这个样子的！” ,最新更新 第209章 伤害致命，侮辱性也很强·2024-05-16 13:02
58 ,法力无边高大仙,踏雪真人|仙侠·修真文明|连载, 我虚荣自私、贪财好色，偶尔还杀人放火，但我知道我是个好仙人——高贤同道有诗赞曰：淡泊名利不爱钱，冰清玉洁道心坚。仁德宽厚义当先，法力无边高大仙。 ,最新更新 第八百二十八章 诱饵？·2024-05-16 09:00
59 ,1979黄金时代,睡觉会变白|都市·都市生活|连载, 这还是一个有点怀旧的故事…………………… ,最新更新 第51章 一定再会·05-15 20:25
60 ,牧者密续,不祈十弦|轻小说·原生幻想|连载, 在召唤恶魔的仪式上，艾华斯终于回忆起了前世的记忆。这应该是一款由自家公司发行并运营了六年的网络游戏。如今自己的养父正是最新版本的反派组织首领。而自己将会在六年后暴露身份，从主角方犹豫不决的跳反。最终因为决定替玩家角色挡下致命一击，连进本的机会都没有就被根正苗黑的大哥打死在了过场CG里。——但其实问题也不大。因为艾华斯同样知晓许多专属于玩家角色的各种秘密晋升路线，以及作为隐秘知识的各道途准则，谅必能扭转自己不幸的命运……所以现在就只剩一个问题了。“按照原本的剧情，在这破仪式开始之前我不应该就被主角救下来了吗？”作为祭品被绑在仪式台上的艾华斯陷入了沉思。——————本书又名《当剧情skip玩家穿进游戏世界》关键词：维多利亚奇幻，琥珀流已有《玩家超正义》、《倾覆之塔》、《水银之血》等累计近千万字完本作品，信誉保证！ ,最新更新 第二百二十八章 霸道的伊莎贝尔·2024-05-15 23:59
61 ,我的谍战岁月,猪头七|军事·谍战特工|连载, 代号‘火苗’——你的功勋永垂不朽！企鹅群号：78697817 ,最新更新 第997章 特高课有小人·2024-05-16 16:18
62 ,苟在女魔头身边偷偷修炼,怕辣的红椒|仙侠·幻想修仙|连载, 江浩穿越普通人家，被迫卖入魔门，成为魔门弟子。本想安心修炼一点点变强，好在修真界生存下去，可却被一位女魔头“百般羞辱”。实力相差悬殊，他只能忍辱偷生，希望不要再遇到对方。没有靠山的他得到了魔门掌教的青睐，得以安心修炼，当他成为首席弟子面见掌教时，却愣在原地。望着对方绝美的脸庞，他有些笑不出来，这不是当初那个女魔头吗？ ,最新更新 第一千三百六十六章 圣盗提出的交易·2024-05-15 21:52
63 ,我终将肝成神明,苍鸟独晴|轻小说·原生幻想|连载, 从【奔跑】，到无视物理的【神速】。从【瞄准】，到跨越因果的【必中】。从【养生】，到久驻人世的【长生】。从【健身】，到血肉飞升的【化龙】。重活一世的薛璟，在得到了一块可无限肝技能的面板后，有了个小目标。在这个充斥着武道家、受赐者、改造人的危险世界里，仅凭此身血肉凡胎，成为凌驾于一切之上的——人间真神。 ,最新更新 第156章 弑神的伟业将在你的手中实现（4K）·2024-05-15 23:34
64 ,学霸的军工科研系统,十月廿二|科幻·超级科技|连载, 2023年的军工人常浩南重生回到了1996年，自己的大学时期。在这个华夏军工腾飞之前的至暗时刻，他获得了一个堪比最强导师的【科研指导系统】从改进一架战斗机开始，走上了一条与前世完全不同的科研道路航空发动机、相控阵雷达、核动力航母、先进半导体……这些都只是个开始。沙漠变绿洲、天堑变通途、上九天揽月，下五洋捉鳖这些同样不是终点。【系统：有人说授人以鱼不如授人以渔，我不一样。】【常浩南：？？？】【系统：我可以都给。】 ,最新更新 第777章 帮法国人造阵风？·2024-05-16 10:46
65 ,天命皆烬,阴天神隐|玄幻·东方玄幻|连载, 这个世道病了，须得用刀剑去治，用铁火去铸。诛暴政，伐无道。倾天地，塑人间。一切自手中剑始。======当宿慧者安靖得到古老剑灵相助，得以穿梭诸界后，他便知道，自己的未来必然会迈上一条艰辛困苦，难以被人理解，却又可以改变这个糟糕世界的道路。而在这条路上，他还将顺道碾死很多活该千刀万剐的垃圾。“桀桀，这天地万族必会怀着热切的心愿欣喜我这惊世巨人的诞生呀。世界，我便来救你了！”世家/公卿/贵族/魔教/天魔：“唏，可以和解吗？”要素：武道乱世，赛博修仙，两界门已有一千五百万字w订完本作品《燃钢之魂》《怪物被杀就会死》《高天之上》 ,最新更新 第150章 一车灵物（3/3）·2024-05-16 12:02
66 ,仙人消失之后,风行水云间|仙侠·幻想修仙|连载, （剧情流，故事流，无系统）三千年前，天魔降临。仙人出手，胜而逐之，天魔退出人间。其后天地灾变致灵气衰弱，仙人消失，天魔却化身神明，重新渗透人间；一百六十多年前，神物降临。富饶的赤帕高原、战无不胜的盘龙古城，尽数化为黄土；如今，我，降临了！追寻仙人留下的线索，扭转既定的宿命，解开仙魔的真相……而一切的起源，要从回到盘龙古城、体验波澜悲壮的历史开始。PS：本文为迷雾文，不开上帝视角，世界的全貌及真相随主角行动而逐步揭开，重探索、重体验，不套路。 ,最新更新 第1403章 赶上了·2024-05-16 12:02
67 ,我的玩家好凶猛,帅犬弗兰克|游戏·游戏异界|连载, “给我一群可爱的小玩家，我能轻松颠覆异世界！”-雷弗诺·墨菲·勒森布拉如是说Ps：墨菲阁下拥有的头衔包括但不限于冒牌吸血鬼、著名NPC扮演艺术家、德艺双馨狗策划、特兰西亚の唯一救星、旧大陆恩人、新大陆保卫者、忠勇无畏好伯爵、无可救药御姐控、血族圣人无暇者、长夜守卫阿尔法等等（此处忽略其他108个绰号），实乃第四天灾居家旅行，杀人灭口必备之最好用的老朋友，因此请《真实异界》所有测试人员在看到这行字的时候立刻起立！随我向墨菲领主致以最崇高的敬意！墨菲卡卡！满赛！ ,最新更新 1153.源于千年沙海的死亡、终末与冷月之神！冥王虫黑帝斯参上！·2024-05-16 08:02
68 ,那就让她们献上忠诚吧！,常世|轻小说·原生幻想|连载, 穿越到一个秩序混乱，充满各种诡异物品的灾变世界，邱途发现自己竟然睡了大人物的情妇......既然已经被发现，那就.....顺其自然？增强实力，培植势力，挖掘美...美丽强大的下属，一步步走上这个世界的巅峰！灾变能力、诡异物品有：可以擦除自己在别人心中印象的雌黄石；亲吻就可以召唤风暴的异兽头颅；可以储存情绪的存钱罐；打人却可以增加好感度的翻转药水等等.....-------已有三本3-8万高订的作品《曾经，我想做个好人》《我的云养女友》《我给万物加个点》，全都几百万字正常完本，更新期间无断更。人品保证，放心跟读。读者1群：664616129（2000人已满）读者2群：233122761（2000人已满）读者3群：709662630（2000人已满）读者4群：863768896（2000人还剩400名额）vip1群，vip2群，vip3群已满，vip4群待开.... ,最新更新 第239章 白秘书背后的人是....（万字求月票！）·2024-05-16 03:48
69 ,我在时停世界胡作非为,布丁超可爱|游戏·游戏异界|连载, 【蓝星2.0版本更新完成，新增梦境世界入口，所有玩家可通过梦境接口进入梦境世界，入口开启时间为每日0:00至8:00，入口关闭后梦境世界时间停滞…】起初，当莫名的文字出现在蓝星所有人类的眼前，大家都以为这是一个梦境中的游戏，但随着梦境世界的力量降临现实，世界迎来了新的变革。看着指向8:01的时钟，梦境世界中的秦川笑了。如果世界陷入停滞，只有他可以行动。“那我随便无敌一下，不过分吧？” ,最新更新 第226章 关键词，塞米亚深渊！【周边活动章】（五月600月票加更）·2024-05-16 12:03
70 ,饮食男女,武文弄沫|都市·都市生活|连载, 一大爷——后事难断二大爷——当官吃饭三大爷——精打细算秦淮茹——脸蛋好看何雨柱——打架做饭娄晓娥——难逃大院李学武一出现，大爷白干，傻柱都想跟他换一换。 ,最新更新 第384章 人事危机·2024-05-16 01:10
71 ,御兽之王,轻泉流响|都市·异术超能|连载, 平行蓝星，超凡复苏，神秘游戏降临世间。被选中的玩家可以契约动物成为御兽师，前往异世界进行冒险。旧的秩序逐渐崩溃，新的文明已然到来，在这个崭新的御兽时代，谁又能成为当之无愧的御兽之王？ ,最新更新 第七章 鸭、鸦·2024-05-15 20:39
72 ,一事无成的我只能去当海贼王,爱吃咸鱼的老虎|轻小说·衍生同人|连载, 诺顿·萨格一直以来就有个梦想，那就是当个地主富豪，有个大地盘，让很多人靠着他吃饭，再请几个秘书，雇一群小弟，有事作威作福，无事看舞听曲...凭借着穿越带来的‘北斗神拳’外挂，他觉得不是问题。只是运气有点不好...去当种地王，颗粒无收。去当钓鱼王，天天空军。去当秧歌王，遭遇戒严。保镖王、赏金王、佣兵王...统统不行！那只能去当海贼王了！ ,最新更新 第207章 世界破坏者？天灾！（10k）·2024-05-16 13:21
73 ,没钱上大学的我只能去屠龙了,宇宙无敌水哥|轻小说·衍生同人|连载, 总之岁月漫长，然而值得等待。林年等了十六年，等到了卡塞尔之门的召唤，等来荒诞无稽、热血放纵的青春。 ,最新更新 第一千四百三十七章：遗体的回收·2024-05-15 14:32
74 ,重塑千禧年代,渔雪|都市·都市生活|连载, 千禧年，领导们正喊着GDP的口号，老板们还以带着秘书为荣，草莽们则猫在时代的浪潮里刀光剑影。………方卓重回2000年。十年后，一群风投、私募联合起来气势汹汹的闯入集团总部，对惊愕的方卓恳求道：“方总，您其它的项目都上市了，这第一个项目到底什么时候能上市啊？”“明明说好三年，三年之后又三年，三年之后又三年，都快十年了，老大！” ,最新更新 248 炒作（4k）·2024-05-16 00:00
75 ,整座大山都是我的猎场,百李山中仙|都市·都市生活|连载, 重生1986年，在这个不禁枪、不禁猎、不保护野生动物，甚至因为黑熊、野猪祸害人民群众辛勤劳动果实，上级部门鼓励、号召各村屯积极打猎的年代。作为永安屯民兵排小兵、猎人大队小队员的赵军，背枪走向了大山，过起了牵狗打猎的生活。本故事纯属事实，如有雷同，那是真的！！！ ,最新更新 第一千一百九十一章.张援民到家 杨玉凤挠人·2024-05-16 00:16
76 ,神农道君,神威校尉|玄幻·东方玄幻|连载, 【国风游戏】【全新设定】一觉醒来，你成为了玄幻游戏中的【司农】官。【王朝鼎盛】版本：你苦修《节气令》，从【风调雨顺】到【呼风唤雨】、从【五谷丰登】到【万物生长】、号令四季，默默发育。你小有成就，随军出征、掌《四农书》，冰封千里大河，为大军开道，《瘴气》杀敌，《雾影》阻万军，立不世战功，位居大司农，窃王朝命数，尽归吾身。【灵气复苏】版本：你养育【山精野怪】：双生并蒂莲使你水火不侵，七星剑竹一剑光寒十九州、寄生种以生灵为养分、虚空种扎根空间吸收天地灵气……你开辟内景地，育仙种，【太乙神莲】分身千万！【生命古树】不死不灭！“一粒真种落丹田，可育灵苗活万年，有朝一日功行满，我命由我不由天！”“心火日照，肾水为源，脾为土蔵、肺金练气、肝气养神。以身为基，育原生种、养万法，成就神农道君！” ,最新更新 第16章：发怒的左子治！五阳当空！（3000月票加第四更）·2024-05-16 00:53
77 ,阵问长生,观虚|仙侠·古典仙侠|连载, 单阵、复阵、谜阵、杀阵、困阵、绝阵，大阵，构大千阵道。阴阳、三才、四象、五行、六爻、七星、八卦，衍诸天阵流。以神识证道，悟阵法飞仙。一念济天下，求道问长生。 ,最新更新 第七百三十四章 阵流手稿·2024-05-15 18:00
78 ,死灵法师只想种树,十年一键|游戏·游戏异界|连载, 穿越到游戏世界。马修发现自己的系统好像出了那么一点点问题。……「职业：死灵法师任务：种植树木目标：1000棵奖励：召唤物‘骨龙’＆大量EXP」……就这样，一个比德鲁伊更推崇均衡之道的死灵法师诞生了。…… ,最新更新 请假条·2024-05-16 16:00
79 ,北宋穿越指南,王梓钧|历史·两宋元明|连载, 如果穿越回宋代，是该吟诗作赋、风花雪月？还是厉兵秣马、争霸天下？不论如何，先填饱肚子再说。 ,最新更新 0887【本科与专科】·2024-05-16 01:21
80 ,朕真的不务正业,吾谁与归|历史·两宋元明|连载, 万历元年正月十九，万历皇帝朱翊钧，打量着面前的铁三角。第一位盟友面相颇为和善，她是大明的太后。第二位盟友只是个太监，他的职责是磕头。第三位盟友就是个权臣，他看起来霸气外漏。最后所有人目光移向朕，问朕扮演的角色是什么：朕看看身份说，朕是：不务正业大皇帝本书又名：《朕有亿点点小爱好》、《皇恩碎地拳》、《让大明再次伟大》…… ,最新更新 第五百五十章 故事讲得好，经费少不了·2024-05-16 12:37
